{
  "type_description_msg": {
    "type_description": {
      "type_name": "sdsm_msgs/msg/DDateTime",
      "fields": [
        {
          "name": "day_of_month",
          "type": {
            "type_id": 3,
            "capacity": 0,
            "string_capacity": 0,
            "nested_type_name": ""
          },
          "default_value": ""
        },
        {
          "name": "time_of_day",
          "type": {
            "type_id": 7,
            "capacity": 0,
            "string_capacity": 0,
            "nested_type_name": ""
          },
          "default_value": ""
        }
      ]
    },
    "referenced_type_descriptions": []
  },
  "type_hashes": [
    {
      "type_name": "sdsm_msgs/msg/DDateTime",
      "hash_string": "RIHS01_4891a6c7b425bfab20f7988980380c5aad52d5c730adf639898b654a24e7e1d0"
    }
  ]
}