{
  "type_description_msg": {
    "type_description": {
      "type_name": "sdsm_msgs/msg/DetectedVRUData",
      "fields": [
        {
          "name": "basic_type",
          "type": {
            "type_id": 3,
            "capacity": 0,
            "string_capacity": 0,
            "nested_type_name": ""
          },
          "default_value": ""
        }
      ]
    },
    "referenced_type_descriptions": []
  },
  "type_hashes": [
    {
      "type_name": "sdsm_msgs/msg/DetectedVRUData",
      "hash_string": "RIHS01_30cea8d00d585ed8fca54bc710aa375b38fa37922c68c1367f164c7b9c98c765"
    }
  ]
}