{
  "type_description_msg": {
    "type_description": {
      "type_name": "sdsm_msgs/msg/DetectedVehicleData",
      "fields": [
        {
          "name": "size",
          "type": {
            "type_id": 1,
            "capacity": 0,
            "string_capacity": 0,
            "nested_type_name": "sdsm_msgs/msg/VehicleSize"
          },
          "default_value": ""
        },
        {
          "name": "has_size",
          "type": {
            "type_id": 15,
            "capacity": 0,
            "string_capacity": 0,
            "nested_type_name": ""
          },
          "default_value": ""
        },
        {
          "name": "height",
          "type": {
            "type_id": 5,
            "capacity": 0,
            "string_capacity": 0,
            "nested_type_name": ""
          },
          "default_value": ""
        },
        {
          "name": "has_height",
          "type": {
            "type_id": 15,
            "capacity": 0,
            "string_capacity": 0,
            "nested_type_name": ""
          },
          "default_value": ""
        },
        {
          "name": "vehicle_class",
          "type": {
            "type_id": 3,
            "capacity": 0,
            "string_capacity": 0,
            "nested_type_name": ""
          },
          "default_value": ""
        },
        {
          "name": "has_vehicle_class",
          "type": {
            "type_id": 15,
            "capacity": 0,
            "string_capacity": 0,
            "nested_type_name": ""
          },
          "default_value": ""
        },
        {
          "name": "class_conf",
          "type": {
            "type_id": 3,
            "capacity": 0,
            "string_capacity": 0,
            "nested_type_name": ""
          },
          "default_value": ""
        },
        {
          "name": "has_class_conf",
          "type": {
            "type_id": 15,
            "capacity": 0,
            "string_capacity": 0,
            "nested_type_name": ""
          },
          "default_value": ""
        }
      ]
    },
    "referenced_type_descriptions": [
      {
        "type_name": "sdsm_msgs/msg/VehicleSize",
        "fields": [
          {
            "name": "width",
            "type": {
              "type_id": 5,
              "capacity": 0,
              "string_capacity": 0,
              "nested_type_name": ""
            },
            "default_value": ""
          },
          {
            "name": "length",
            "type": {
              "type_id": 5,
              "capacity": 0,
              "string_capacity": 0,
              "nested_type_name": ""
            },
            "default_value": ""
          }
        ]
      }
    ]
  },
  "type_hashes": [
    {
      "type_name": "sdsm_msgs/msg/DetectedVehicleData",
      "hash_string": "RIHS01_3122709dc8cc6f1c2a20f962a53509d0a6b8f2c1688ffd7145cff044442a2139"
    },
    {
      "type_name": "sdsm_msgs/msg/VehicleSize",
      "hash_string": "RIHS01_3debe51b9f334ce3be5ff5ed84c91efd5076accb5fbf604a3ffc201b8c745128"
    }
  ]
}