{
  "type_description_msg": {
    "type_description": {
      "type_name": "sdsm_msgs/msg/DetectedObjectData",
      "fields": [
        {
          "name": "det_obj_common",
          "type": {
            "type_id": 1,
            "capacity": 0,
            "string_capacity": 0,
            "nested_type_name": "sdsm_msgs/msg/DetectedObjectCommonData"
          },
          "default_value": ""
        },
        {
          "name": "det_obj_opt_kind",
          "type": {
            "type_id": 3,
            "capacity": 0,
            "string_capacity": 0,
            "nested_type_name": ""
          },
          "default_value": ""
        },
        {
          "name": "det_veh",
          "type": {
            "type_id": 1,
            "capacity": 0,
            "string_capacity": 0,
            "nested_type_name": "sdsm_msgs/msg/DetectedVehicleData"
          },
          "default_value": ""
        },
        {
          "name": "det_vru",
          "type": {
            "type_id": 1,
            "capacity": 0,
            "string_capacity": 0,
            "nested_type_name": "sdsm_msgs/msg/DetectedVRUData"
          },
          "default_value": ""
        },
        {
          "name": "det_obst",
          "type": {
            "type_id": 1,
            "capacity": 0,
            "string_capacity": 0,
            "nested_type_name": "sdsm_msgs/msg/DetectedObstacleData"
          },
          "default_value": ""
        }
      ]
    },
    "referenced_type_descriptions": [
      {
        "type_name": "sdsm_msgs/msg/DetectedObjectCommonData",
        "fields": [
          {
            "name": "obj_type",
            "type": {
              "type_id": 3,
              "capacity": 0,
              "string_capacity": 0,
              "nested_type_name": ""
            },
            "default_value": ""
          },
          {
            "name": "obj_type_cfd",
            "type": {
              "type_id": 3,
              "capacity": 0,
              "string_capacity": 0,
              "nested_type_name": ""
            },
            "default_value": ""
          },
          {
            "name": "object_id",
            "type": {
              "type_id": 5,
              "capacity": 0,
              "string_capacity": 0,
              "nested_type_name": ""
            },
            "default_value": ""
          },
          {
            "name": "measurement_time",
            "type": {
              "type_id": 4,
              "capacity": 0,
              "string_capacity": 0,
              "nested_type_name": ""
            },
            "default_value": ""
          },
          {
            "name": "pos",
            "type": {
              "type_id": 1,
              "capacity": 0,
              "string_capacity": 0,
              "nested_type_name": "sdsm_msgs/msg/PositionOffsetXYZ"
            },
            "default_value": ""
          },
          {
            "name": "pos_confidence",
            "type": {
              "type_id": 1,
              "capacity": 0,
              "string_capacity": 0,
              "nested_type_name": "sdsm_msgs/msg/PositionConfidenceSet"
            },
            "default_value": ""
          },
          {
            "name": "speed",
            "type": {
              "type_id": 5,
              "capacity": 0,
              "string_capacity": 0,
              "nested_type_name": ""
            },
            "default_value": ""
          },
          {
            "name": "speed_z",
            "type": {
              "type_id": 5,
              "capacity": 0,
              "string_capacity": 0,
              "nested_type_name": ""
            },
            "default_value": ""
          },
          {
            "name": "has_speed_z",
            "type": {
              "type_id": 15,
              "capacity": 0,
              "string_capacity": 0,
              "nested_type_name": ""
            },
            "default_value": ""
          },
          {
            "name": "heading",
            "type": {
              "type_id": 5,
              "capacity": 0,
              "string_capacity": 0,
              "nested_type_name": ""
            },
            "default_value": ""
          }
        ]
      },
      {
        "type_name": "sdsm_msgs/msg/DetectedObstacleData",
        "fields": [
          {
            "name": "obst_size",
            "type": {
              "type_id": 1,
              "capacity": 0,
              "string_capacity": 0,
              "nested_type_name": "sdsm_msgs/msg/ObstacleSize"
            },
            "default_value": ""
          }
        ]
      },
      {
        "type_name": "sdsm_msgs/msg/DetectedVRUData",
        "fields": [
          {
            "name": "basic_type",
            "type": {
              "type_id": 3,
              "capacity": 0,
              "string_capacity": 0,
              "nested_type_name": ""
            },
            "default_value": ""
          }
        ]
      },
      {
        "type_name": "sdsm_msgs/msg/DetectedVehicleData",
        "fields": [
          {
            "name": "size",
            "type": {
              "type_id": 1,
              "capacity": 0,
              "string_capacity": 0,
              "nested_type_name": "sdsm_msgs/msg/VehicleSize"
            },
            "default_value": ""
          },
          {
            "name": "has_size",
            "type": {
              "type_id": 15,
              "capacity": 0,
              "string_capacity": 0,
              "nested_type_name": ""
            },
            "default_value": ""
          },
          {
            "name": "height",
            "type": {
              "type_id": 5,
              "capacity": 0,
              "string_capacity": 0,
              "nested_type_name": ""
            },
            "default_value": ""
          },
          {
            "name": "has_height",
            "type": {
              "type_id": 15,
              "capacity": 0,
              "string_capacity": 0,
              "nested_type_name": ""
            },
            "default_value": ""
          },
          {
            "name": "vehicle_class",
            "type": {
              "type_id": 3,
              "capacity": 0,
              "string_capacity": 0,
              "nested_type_name": ""
            },
            "default_value": ""
          },
          {
            "name": "has_vehicle_class",
            "type": {
              "type_id": 15,
              "capacity": 0,
              "string_capacity": 0,
              "nested_type_name": ""
            },
            "default_value": ""
          },
          {
            "name": "class_conf",
            "type": {
              "type_id": 3,
              "capacity": 0,
              "string_capacity": 0,
              "nested_type_name": ""
            },
            "default_value": ""
          },
          {
            "name": "has_class_conf",
            "type": {
              "type_id": 15,
              "capacity": 0,
              "string_capacity": 0,
              "nested_type_name": ""
            },
            "default_value": ""
          }
        ]
      },
      {
        "type_name": "sdsm_msgs/msg/ObstacleSize",
        "fields": [
          {
            "name": "width",
            "type": {
              "type_id": 5,
              "capacity": 0,
              "string_capacity": 0,
              "nested_type_name": ""
            },
            "default_value": ""
          },
          {
            "name": "length",
            "type": {
              "type_id": 5,
              "capacity": 0,
              "string_capacity": 0,
              "nested_type_name": ""
            },
            "default_value": ""
          },
          {
            "name": "height",
            "type": {
              "type_id": 5,
              "capacity": 0,
              "string_capacity": 0,
              "nested_type_name": ""
            },
            "default_value": ""
          }
        ]
      },
      {
        "type_name": "sdsm_msgs/msg/PositionConfidenceSet",
        "fields": [
          {
            "name": "pos_confidence",
            "type": {
              "type_id": 3,
              "capacity": 0,
              "string_capacity": 0,
              "nested_type_name": ""
            },
            "default_value": ""
          },
          {
            "name": "elevation_confidence",
            "type": {
              "type_id": 3,
              "capacity": 0,
              "string_capacity": 0,
              "nested_type_name": ""
            },
            "default_value": ""
          }
        ]
      },
      {
        "type_name": "sdsm_msgs/msg/PositionOffsetXYZ",
        "fields": [
          {
            "name": "offset_x",
            "type": {
              "type_id": 4,
              "capacity": 0,
              "string_capacity": 0,
              "nested_type_name": ""
            },
            "default_value": ""
          },
          {
            "name": "offset_y",
            "type": {
              "type_id": 4,
              "capacity": 0,
              "string_capacity": 0,
              "nested_type_name": ""
            },
            "default_value": ""
          },
          {
            "name": "offset_z",
            "type": {
              "type_id": 4,
              "capacity": 0,
              "string_capacity": 0,
              "nested_type_name": ""
            },
            "default_value": ""
          },
          {
            "name": "has_offset_z",
            "type": {
              "type_id": 15,
              "capacity": 0,
              "string_capacity": 0,
              "nested_type_name": ""
            },
            "default_value": ""
          }
        ]
      },
      {
        "type_name": "sdsm_msgs/msg/VehicleSize",
        "fields": [
          {
            "name": "width",
            "type": {
              "type_id": 5,
              "capacity": 0,
              "string_capacity": 0,
              "nested_type_name": ""
            },
            "default_value": ""
          },
          {
            "name": "length",
            "type": {
              "type_id": 5,
              "capacity": 0,
              "string_capacity": 0,
              "nested_type_name": ""
            },
            "default_value": ""
          }
        ]
      }
    ]
  },
  "type_hashes": [
    {
      "type_name": "sdsm_msgs/msg/DetectedObjectData",
      "hash_string": "RIHS01_af9d9ad2dfe73971b9f507da220a53d852fb9c7a9112b8eb5dccb366f6328899"
    },
    {
      "type_name": "sdsm_msgs/msg/DetectedObjectCommonData",
      "hash_string": "RIHS01_696d59f7ade32cdcc67530beaa3ea2843dca0b3eb926986e86edd4776b79702b"
    },
    {
      "type_name": "sdsm_msgs/msg/DetectedObstacleData",
      "hash_string": "RIHS01_f5ea1783a0709828dae424e18e691aafd663beb0ecacb931fa0ae5fe82e4fb07"
    },
    {
      "type_name": "sdsm_msgs/msg/DetectedVRUData",
      "hash_string": "RIHS01_30cea8d00d585ed8fca54bc710aa375b38fa37922c68c1367f164c7b9c98c765"
    },
    {
      "type_name": "sdsm_msgs/msg/DetectedVehicleData",
      "hash_string": "RIHS01_3122709dc8cc6f1c2a20f962a53509d0a6b8f2c1688ffd7145cff044442a2139"
    },
    {
      "type_name": "sdsm_msgs/msg/ObstacleSize",
      "hash_string": "RIHS01_248838f25979d201f60a2146560de2ddd363f65be0b3a17575c458af2b116619"
    },
    {
      "type_name": "sdsm_msgs/msg/PositionConfidenceSet",
      "hash_string": "RIHS01_fc2c18af561584b6d495ce739c8d7238777695f5f3e2095bd22f64fa6f575c73"
    },
    {
      "type_name": "sdsm_msgs/msg/PositionOffsetXYZ",
      "hash_string": "RIHS01_219d5990435e11668c1d39313dba9d4da54117ca030eed94d233827510578bce"
    },
    {
      "type_name": "sdsm_msgs/msg/VehicleSize",
      "hash_string": "RIHS01_3debe51b9f334ce3be5ff5ed84c91efd5076accb5fbf604a3ffc201b8c745128"
    }
  ]
}