{
  "type_description_msg": {
    "type_description": {
      "type_name": "sdsm_msgs/msg/DetectedObstacleData",
      "fields": [
        {
          "name": "obst_size",
          "type": {
            "type_id": 1,
            "capacity": 0,
            "string_capacity": 0,
            "nested_type_name": "sdsm_msgs/msg/ObstacleSize"
          },
          "default_value": ""
        }
      ]
    },
    "referenced_type_descriptions": [
      {
        "type_name": "sdsm_msgs/msg/ObstacleSize",
        "fields": [
          {
            "name": "width",
            "type": {
              "type_id": 5,
              "capacity": 0,
              "string_capacity": 0,
              "nested_type_name": ""
            },
            "default_value": ""
          },
          {
            "name": "length",
            "type": {
              "type_id": 5,
              "capacity": 0,
              "string_capacity": 0,
              "nested_type_name": ""
            },
            "default_value": ""
          },
          {
            "name": "height",
            "type": {
              "type_id": 5,
              "capacity": 0,
              "string_capacity": 0,
              "nested_type_name": ""
            },
            "default_value": ""
          }
        ]
      }
    ]
  },
  "type_hashes": [
    {
      "type_name": "sdsm_msgs/msg/DetectedObstacleData",
      "hash_string": "RIHS01_f5ea1783a0709828dae424e18e691aafd663beb0ecacb931fa0ae5fe82e4fb07"
    },
    {
      "type_name": "sdsm_msgs/msg/ObstacleSize",
      "hash_string": "RIHS01_248838f25979d201f60a2146560de2ddd363f65be0b3a17575c458af2b116619"
    }
  ]
}