{
  "type_description_msg": {
    "type_description": {
      "type_name": "sdsm_msgs/msg/DetectedObjectCommonData",
      "fields": [
        {
          "name": "obj_type",
          "type": {
            "type_id": 3,
            "capacity": 0,
            "string_capacity": 0,
            "nested_type_name": ""
          },
          "default_value": ""
        },
        {
          "name": "obj_type_cfd",
          "type": {
            "type_id": 3,
            "capacity": 0,
            "string_capacity": 0,
            "nested_type_name": ""
          },
          "default_value": ""
        },
        {
          "name": "object_id",
          "type": {
            "type_id": 5,
            "capacity": 0,
            "string_capacity": 0,
            "nested_type_name": ""
          },
          "default_value": ""
        },
        {
          "name": "measurement_time",
          "type": {
            "type_id": 4,
            "capacity": 0,
            "string_capacity": 0,
            "nested_type_name": ""
          },
          "default_value": ""
        },
        {
          "name": "pos",
          "type": {
            "type_id": 1,
            "capacity": 0,
            "string_capacity": 0,
            "nested_type_name": "sdsm_msgs/msg/PositionOffsetXYZ"
          },
          "default_value": ""
        },
        {
          "name": "pos_confidence",
          "type": {
            "type_id": 1,
            "capacity": 0,
            "string_capacity": 0,
            "nested_type_name": "sdsm_msgs/msg/PositionConfidenceSet"
          },
          "default_value": ""
        },
        {
          "name": "speed",
          "type": {
            "type_id": 5,
            "capacity": 0,
            "string_capacity": 0,
            "nested_type_name": ""
          },
          "default_value": ""
        },
        {
          "name": "speed_z",
          "type": {
            "type_id": 5,
            "capacity": 0,
            "string_capacity": 0,
            "nested_type_name": ""
          },
          "default_value": ""
        },
        {
          "name": "has_speed_z",
          "type": {
            "type_id": 15,
            "capacity": 0,
            "string_capacity": 0,
            "nested_type_name": ""
          },
          "default_value": ""
        },
        {
          "name": "heading",
          "type": {
            "type_id": 5,
            "capacity": 0,
            "string_capacity": 0,
            "nested_type_name": ""
          },
          "default_value": ""
        }
      ]
    },
    "referenced_type_descriptions": [
      {
        "type_name": "sdsm_msgs/msg/PositionConfidenceSet",
        "fields": [
          {
            "name": "pos_confidence",
            "type": {
              "type_id": 3,
              "capacity": 0,
              "string_capacity": 0,
              "nested_type_name": ""
            },
            "default_value": ""
          },
          {
            "name": "elevation_confidence",
            "type": {
              "type_id": 3,
              "capacity": 0,
              "string_capacity": 0,
              "nested_type_name": ""
            },
            "default_value": ""
          }
        ]
      },
      {
        "type_name": "sdsm_msgs/msg/PositionOffsetXYZ",
        "fields": [
          {
            "name": "offset_x",
            "type": {
              "type_id": 4,
              "capacity": 0,
              "string_capacity": 0,
              "nested_type_name": ""
            },
            "default_value": ""
          },
          {
            "name": "offset_y",
            "type": {
              "type_id": 4,
              "capacity": 0,
              "string_capacity": 0,
              "nested_type_name": ""
            },
            "default_value": ""
          },
          {
            "name": "offset_z",
            "type": {
              "type_id": 4,
              "capacity": 0,
              "string_capacity": 0,
              "nested_type_name": ""
            },
            "default_value": ""
          },
          {
            "name": "has_offset_z",
            "type": {
              "type_id": 15,
              "capacity": 0,
              "string_capacity": 0,
              "nested_type_name": ""
            },
            "default_value": ""
          }
        ]
      }
    ]
  },
  "type_hashes": [
    {
      "type_name": "sdsm_msgs/msg/DetectedObjectCommonData",
      "hash_string": "RIHS01_696d59f7ade32cdcc67530beaa3ea2843dca0b3eb926986e86edd4776b79702b"
    },
    {
      "type_name": "sdsm_msgs/msg/PositionConfidenceSet",
      "hash_string": "RIHS01_fc2c18af561584b6d495ce739c8d7238777695f5f3e2095bd22f64fa6f575c73"
    },
    {
      "type_name": "sdsm_msgs/msg/PositionOffsetXYZ",
      "hash_string": "RIHS01_219d5990435e11668c1d39313dba9d4da54117ca030eed94d233827510578bce"
    }
  ]
}