{
  "type_description_msg": {
    "type_description": {
      "type_name": "sdsm_msgs/msg/ObstacleSize",
      "fields": [
        {
          "name": "width",
          "type": {
            "type_id": 5,
            "capacity": 0,
            "string_capacity": 0,
            "nested_type_name": ""
          },
          "default_value": ""
        },
        {
          "name": "length",
          "type": {
            "type_id": 5,
            "capacity": 0,
            "string_capacity": 0,
            "nested_type_name": ""
          },
          "default_value": ""
        },
        {
          "name": "height",
          "type": {
            "type_id": 5,
            "capacity": 0,
            "string_capacity": 0,
            "nested_type_name": ""
          },
          "default_value": ""
        }
      ]
    },
    "referenced_type_descriptions": []
  },
  "type_hashes": [
    {
      "type_name": "sdsm_msgs/msg/ObstacleSize",
      "hash_string": "RIHS01_248838f25979d201f60a2146560de2ddd363f65be0b3a17575c458af2b116619"
    }
  ]
}