{
  "type_description_msg": {
    "type_description": {
      "type_name": "sdsm_msgs/msg/Position3D",
      "fields": [
        {
          "name": "lat",
          "type": {
            "type_id": 6,
            "capacity": 0,
            "string_capacity": 0,
            "nested_type_name": ""
          },
          "default_value": ""
        },
        {
          "name": "lon",
          "type": {
            "type_id": 6,
            "capacity": 0,
            "string_capacity": 0,
            "nested_type_name": ""
          },
          "default_value": ""
        },
        {
          "name": "elevation",
          "type": {
            "type_id": 6,
            "capacity": 0,
            "string_capacity": 0,
            "nested_type_name": ""
          },
          "default_value": ""
        }
      ]
    },
    "referenced_type_descriptions": []
  },
  "type_hashes": [
    {
      "type_name": "sdsm_msgs/msg/Position3D",
      "hash_string": "RIHS01_62d6441f89d994befdd82ca75fbc2a35587ed9de75de33807e6e000fd7567787"
    }
  ]
}