{
  "type_description_msg": {
    "type_description": {
      "type_name": "sdsm_msgs/msg/PositionConfidenceSet",
      "fields": [
        {
          "name": "pos_confidence",
          "type": {
            "type_id": 3,
            "capacity": 0,
            "string_capacity": 0,
            "nested_type_name": ""
          },
          "default_value": ""
        },
        {
          "name": "elevation_confidence",
          "type": {
            "type_id": 3,
            "capacity": 0,
            "string_capacity": 0,
            "nested_type_name": ""
          },
          "default_value": ""
        }
      ]
    },
    "referenced_type_descriptions": []
  },
  "type_hashes": [
    {
      "type_name": "sdsm_msgs/msg/PositionConfidenceSet",
      "hash_string": "RIHS01_fc2c18af561584b6d495ce739c8d7238777695f5f3e2095bd22f64fa6f575c73"
    }
  ]
}