{
  "type_description_msg": {
    "type_description": {
      "type_name": "sdsm_msgs/msg/PositionOffsetXYZ",
      "fields": [
        {
          "name": "offset_x",
          "type": {
            "type_id": 4,
            "capacity": 0,
            "string_capacity": 0,
            "nested_type_name": ""
          },
          "default_value": ""
        },
        {
          "name": "offset_y",
          "type": {
            "type_id": 4,
            "capacity": 0,
            "string_capacity": 0,
            "nested_type_name": ""
          },
          "default_value": ""
        },
        {
          "name": "offset_z",
          "type": {
            "type_id": 4,
            "capacity": 0,
            "string_capacity": 0,
            "nested_type_name": ""
          },
          "default_value": ""
        },
        {
          "name": "has_offset_z",
          "type": {
            "type_id": 15,
            "capacity": 0,
            "string_capacity": 0,
            "nested_type_name": ""
          },
          "default_value": ""
        }
      ]
    },
    "referenced_type_descriptions": []
  },
  "type_hashes": [
    {
      "type_name": "sdsm_msgs/msg/PositionOffsetXYZ",
      "hash_string": "RIHS01_219d5990435e11668c1d39313dba9d4da54117ca030eed94d233827510578bce"
    }
  ]
}