{
  "type_description_msg": {
    "type_description": {
      "type_name": "sdsm_msgs/msg/VehicleSize",
      "fields": [
        {
          "name": "width",
          "type": {
            "type_id": 5,
            "capacity": 0,
            "string_capacity": 0,
            "nested_type_name": ""
          },
          "default_value": ""
        },
        {
          "name": "length",
          "type": {
            "type_id": 5,
            "capacity": 0,
            "string_capacity": 0,
            "nested_type_name": ""
          },
          "default_value": ""
        }
      ]
    },
    "referenced_type_descriptions": []
  },
  "type_hashes": [
    {
      "type_name": "sdsm_msgs/msg/VehicleSize",
      "hash_string": "RIHS01_3debe51b9f334ce3be5ff5ed84c91efd5076accb5fbf604a3ffc201b8c745128"
    }
  ]
}