<?xml version="1.0" encoding="UTF-8"?>

<!-- generated on 01/22/26 22:48:43 by Eclipse SUMO netconvert Version 1.8.0
<configuration xmlns:xsi="http://www.w3.org/2001/XMLSchema-instance" xsi:noNamespaceSchemaLocation="http://sumo.dlr.de/xsd/netconvertConfiguration.xsd">

    <input>
        <node-files value="net\nodes.nod.xml"/>
        <edge-files value="net\edges.edg.xml"/>
    </input>

    <output>
        <output-file value="net\net.net.xml"/>
    </output>

    <report>
        <aggregate-warnings value="5"/>
    </report>

</configuration>
-->

<net version="1.6" junctionCornerDetail="5" limitTurnSpeed="5.50" xmlns:xsi="http://www.w3.org/2001/XMLSchema-instance" xsi:noNamespaceSchemaLocation="http://sumo.dlr.de/xsd/net_file.xsd">

    <location netOffset="0.00,0.00" convBoundary="0.00,0.00,500.00,0.00" origBoundary="0.00,0.00,500.00,0.00" projParameter="!"/>

    <edge id="e0" from="n0" to="n1" priority="-1">
        <lane id="e0_0" index="0" speed="13.90" length="500.00" shape="0.00,-1.60 500.00,-1.60"/>
    </edge>

    <junction id="n0" type="dead_end" x="0.00" y="0.00" incLanes="" intLanes="" shape="0.00,0.00 0.00,-3.20"/>
    <junction id="n1" type="dead_end" x="500.00" y="0.00" incLanes="e0_0" intLanes="" shape="500.00,-3.20 500.00,0.00"/>

</net>
